LGA_CODE,LGA_NAME,park_count,park_area_sqm,facility_count,total_fields_courts,mean_sports_per_facility,sport_opportunity_count,sport_type_count,facilities_with_sport_data,population_2023,area_km2,population_density_2023,parks_per_10000,park_area_sqm_per_capita,facilities_per_10000,fields_courts_per_10000,sport_opportunities_per_10000,sport_data_coverage
300,ALPINE,22,1595538786.673291,37,92,1.7837837837837835,66,28,37,13182,4788.2,2.8,16.68942497344864,121039.20396550531,28.068578364436352,69.79214079805796,50.06827492034593,1
301,ARARAT,53,436494880.0090491,42,71,1.7380952380952381,73,20,42,11683,4211.1,2.8,45.365060344089706,37361.540700937185,35.9496704613541,60.772061970384314,62.48395103997261,1
302,BALLARAT,14,39152383.59214706,98,300,1.857142857142857,193,37,98,118137,739,159.9,1.1850647976501858,331.4150824225015,8.2954535835513,25.394245663932555,16.336964710463278,1
303,BANYULE,3,2909079.0656711897,74,285,2.0675675675675675,156,22,74,129602,62.5,2072.3,0.2314779092915233,22.446251336176832,5.709788429190907,21.99040138269471,12.03685128315921,1
304,BASS COAST,32,38976083.093436316,53,112,1.6603773584905661,89,24,53,42729,865.8,49.4,7.489058952935945,912.169325128983,12.403753890800159,26.21170633527581,20.828945212853096,1
305,BAW BAW,43,262582845.1174238,91,290,1.6923076923076923,158,28,91,60644,4027.6,15.1,7.090561308620803,4329.906423016684,15.00560649033705,47.82006463953565,26.053690389815976,1
306,BAYSIDE,0,0,99,261,1.4747474747474747,153,18,99,104272,37.2,2802.2,0,0,9.494399263464784,25.030688967316248,14.673162498081938,1
381,BENALLA,44,178552458.74779117,21,93,2.0476190476190474,44,20,21,14529,2352.6,6.2,30.284259068070757,12289.383904452556,14.453850918851952,64.00991121205864,30.284259068070757,1
307,BOROONDARA,1,1195071.8033845157,91,335,1.967032967032967,184,31,91,174537,60.2,2900.4,0.05729444186619456,6.847097196494243,5.213794209823705,19.19363802517518,10.542177303379798,1
308,BRIMBANK,3,4526109.650515208,122,279,1.5491803278688525,202,30,122,196046,123.4,1588.7,0.15302531038633788,23.0869778037563,6.223029289044408,14.231353865929425,10.303704232680087,1
309,BULOKE,96,60335535.011236675,48,166,1.6041666666666665,78,19,48,6040,7998.2,0.8,158.94039735099338,9989.326988615343,79.47019867549669,274.8344370860927,129.13907284768212,1
310,CAMPASPE,40,89876853.85653509,71,307,2.042253521126761,150,27,71,38299,4519.1,8.5,10.444136922635055,2346.7154196332826,18.538343037677222,80.15875088122405,39.16551345988146,1
311,CARDINIA,35,149770190.40573996,73,296,2.0273972602739727,152,21,73,126960,1282.6,99,2.7567737870195335,1179.664385678481,5.749842470069313,23.314429741650915,11.972274732199118,1
312,CASEY,10,12694541.241569921,110,447,2.1181818181818186,246,36,110,392110,409.4,957.7,0.25503047614189894,32.374948972405505,2.8053352375608887,11.399862283542884,6.273749713090715,1
313,CENTRAL GOLDFIELDS,52,31726351.421935894,35,127,1.9142857142857141,70,26,35,13574,1532.8,8.9,38.30853101517607,2337.2883027800126,25.78458818329159,93.56121997937232,51.56917636658318,1
314,COLAC OTWAY,51,1131430331.9788177,60,156,1.7166666666666666,105,24,60,22273,3437.5,6.5,22.897678803933015,50798.29084446719,26.9384456516859,70.03995869438333,47.14227989045032,1
315,CORANGAMITE,42,416843919.50154054,54,179,1.962962962962963,107,25,54,15948,4407.5,3.6,26.335590669676446,26137.69246937174,33.86004514672686,112.23977928266868,67.09305242036619,1
316,DAREBIN,0,0,60,183,2.033333333333333,122,32,60,155683,53.5,2911.5,0,0,3.8539853420090826,11.754655293127701,7.836436862085135,1
319,EAST GIPPSLAND,95,5839186017.3850975,85,236,1.8470588235294114,158,28,85,49179,20939.5,2.3,19.317188230748897,118733.32148651045,17.283799995933222,47.98796234164989,32.12753411008764,1
320,FRANKSTON,4,324155.6014569063,90,437,1.577777777777778,146,31,89,142826,129.6,1102.1,0.2800610533096215,2.2695839795058763,6.301373699466484,30.596670074076147,10.222228445801184,0.9888888888888889
321,GANNAWARRA,30,110069708.27069788,48,151,1.7083333333333335,86,25,48,10420,3737.6,2.8,28.790786948176585,10563.311734232042,46.06525911708253,144.91362763915546,82.53358925143954,1
322,GLEN EIRA,0,0,63,240,1.8888888888888886,127,29,63,156837,38.7,4053.6,0,0,4.016909275234798,15.302511524703991,8.097579015155862,1
323,GLENELG,84,762082043.8542314,56,182,1.8392857142857144,108,30,55,20022,6218.8,3.2,41.95385076415943,38062.23373560241,27.96923384277295,90.90000998901209,53.940665268204974,0.9821428571428571
324,GOLDEN PLAINS,31,78762080.19308272,49,163,2.204081632653061,109,20,49,25818,2703.4,9.6,12.007126810752188,3050.665434699927,18.97900689441475,63.13424742427764,42.21860717328995,1
325,GREATER BENDIGO,77,384838336.58731216,134,384,1.7388059701492533,236,41,134,124174,3000,41.4,6.20097604973666,3099.1861145434,10.79130896967159,30.92434809219321,19.005588931660412,1
326,GREATER DANDENONG,1,413.02014095413324,59,266,1.9152542372881354,121,31,59,163792,129.5,1264.3,0.06105304288365732,0.0025216136377486887,3.602129530135782,16.240109407052845,7.387418188922536,1
327,GREATER GEELONG,16,59342367.22998091,178,616,1.7808988764044948,350,38,178,282809,1248,226.6,0.5657528579359214,209.83196160652918,6.294000544537126,21.781485030532973,12.37584376734828,1
328,GREATER SHEPPARTON,29,83725464.45284787,81,326,2.0987654320987654,174,32,80,69135,2421.9,28.5,4.194691545526868,1211.043096157487,11.7162074202647,47.1541187531641,25.168149273161205,0.9876543209876543
329,HEPBURN,53,168812892.67553374,35,109,1.8,65,19,35,16670,1473,11.3,31.793641271745653,10126.748210889846,20.995800839832032,65.3869226154769,38.99220155968806,1
330,HINDMARSH,51,2515833684.2805376,26,80,1.7307692307692308,49,17,26,5559,7524.2,0.7,91.74311926605505,452569.47009903536,46.771001978773164,143.91077531930205,88.1453498830725,1
331,HOBSONS BAY,3,1788499.0580900912,76,230,1.6578947368421053,136,36,76,93738,64.2,1459.2,0.3200409652435512,19.07976549627783,8.10770445283663,24.53647400200559,14.508523757707653,1
332,HORSHAM,36,219513815.55374885,44,184,1.8636363636363638,87,26,44,20315,4266.8,4.8,17.720895889736646,10805.504088296768,21.65887275412257,90.57346788087621,42.8254984001969,1
333,HUME,5,1029241.1782241438,78,260,2.217948717948718,177,32,78,262764,503.8,521.5,0.19028481831605548,3.9169794120356816,2.968443165730465,9.894810552434885,6.736082568388364,1
334,INDIGO,66,225739728.46465117,31,89,1.8387096774193548,57,17,31,17662,2040.5,8.7,37.36836145396897,12781.096617860445,17.551806137470276,50.390669233382404,32.272675801155025,1
335,KINGSTON,4,4419919.867279774,100,290,1.64,172,31,100,163724,91.4,1791.9,0.24431360093816423,26.99616346583136,6.107840023454106,17.712736068016905,10.505484840341062,1
336,KNOX,6,11188214.137840044,98,405,2.204081632653061,221,31,98,161766,113.9,1420.1,0.3709061236601016,69.16295227575661,6.058133353114994,25.03616334705686,13.661708888147077,1
337,LATROBE,12,25284881.302848913,95,310,1.7263157894736842,168,33,95,78154,1425.6,54.8,1.5354300483660466,323.52638768135876,12.155487882897868,39.665276249456205,21.49602067712465,1
338,LODDON,81,177449604.83166018,47,147,1.5319148936170213,75,13,47,7747,6696.4,1.2,104.55660255582806,22905.5898840403,60.66864592745579,189.75087130502132,96.81166903317414,1
339,MACEDON RANGES,35,132043104.91738442,58,196,2.0172413793103448,119,26,58,52920,1748.3,30.3,6.613756613756613,2495.145595566599,10.959939531368104,37.03703703703704,22.486772486772487,1
340,MANNINGHAM,5,12638246.574778229,56,273,2.1785714285714284,131,27,56,129514,113.3,1142.6,0.3860586500301126,97.58208822813154,4.323856880337261,21.07880229164415,10.114736630788949,1
382,MANSFIELD,18,523099071.301567,25,43,1.4,35,19,25,10546,3843.9,2.7,17.068082685378343,49601.65667566537,23.70567039635881,40.77375308173715,33.18793855490233,1
341,MARIBYRNONG,2,650775.6454159148,47,141,2.170212765957447,103,27,47,91762,31.2,2938.7,0.21795514483119374,7.091995002461965,5.121945903533053,15.365837710599157,11.22468995880648,1
342,MAROONDAH,1,16058.915472298111,57,228,2.157894736842105,125,31,57,117434,61.4,1912.3,0.08515421428206482,0.13674843292656394,4.853790214077694,19.415160856310777,10.644276785258102,1
343,MELBOURNE,1,415149.6357362546,54,242,2.2962962962962963,131,31,54,177396,37.5,4724.9,0.05637105684457372,2.340242371509248,3.0440370696069814,13.641795756386841,7.384608446639158,1
344,MELTON,7,8216944.341257956,56,178,1.9107142857142856,110,29,56,206070,527.5,390.6,0.3396903964672199,39.8745297290142,2.717523171737759,8.63784151016645,5.337991944484884,1
351,MERRI-BEK,0,0,70,172,1.7714285714285714,129,25,70,181223,51,3556.7,0,0,3.8626443663331917,9.491069014418699,7.118301760814025,1
345,MILDURA,161,9712623355.095001,54,293,2.111111111111111,116,32,54,57554,22081.9,2.6,27.97372901970323,168756.70422724748,9.382492963130277,50.90871181846614,20.15498488376134,1
346,MITCHELL,36,82871495.43218324,46,133,1.934782608695652,96,23,46,53723,2862.1,18.8,6.7010405226811605,1542.5701362951295,8.562440667870373,24.75662193101651,17.86944139381643,1
347,MOIRA,53,454920299.13537604,65,322,1.8,122,23,65,30775,4045.9,7.6,17.221770917952885,14782.138071011406,21.121039805036553,104.63038180341185,39.642567018684,1
348,MONASH,2,2194694.051216618,95,330,1.7263157894736842,166,32,95,203560,81.5,2498.2,0.09825112988799371,10.781558514524553,4.666928669679701,16.211436431518962,8.154843780703478,1
349,MOONEE VALLEY,2,1062809.3038773728,65,188,1.8615384615384616,127,22,65,126486,43.1,2932.1,0.1581202662745284,8.402584506406818,5.138908653922173,14.86330502980567,10.040636908432553,1
350,MOORABOOL,21,285741173.5714898,38,118,1.8157894736842106,69,19,38,39092,2110.6,18.5,5.3719431085644125,7309.453943811773,9.720658958354651,30.185204133838127,17.650670213854497,1
352,MORNINGTON PENINSULA,36,58508816.49310976,130,394,1.6615384615384614,223,32,130,170243,724,235.1,2.114624389842754,343.6782510476775,7.636143629987723,23.143389155501254,13.09892330374817,1
353,MOUNT ALEXANDER,49,77515795.20384456,56,127,1.5714285714285716,89,27,56,20576,1529.6,13.5,23.814152410575428,3767.2917575740944,27.216174183514777,61.72239502332815,43.2542768273717,1
354,MOYNE,27,87613783.00802638,39,94,1.846153846153846,74,17,39,17610,5481.7,3.2,15.332197614991482,4975.229018059419,22.14650766609881,53.37876206700738,42.02157864849517,1
355,MURRINDINDI,51,317553849.6069124,51,82,1.5686274509803924,80,17,51,15482,3879.8,4,32.94148042888516,20511.16455282989,32.94148042888516,52.96473323859966,51.6729104766826,1
356,NILLUMBIK,27,68002293.5169856,58,204,1.6724137931034482,101,27,58,63264,432.3,146.3,4.267830045523521,1074.8971534677794,9.167931208902377,32.24582701062215,15.964845725847244,1
357,NORTHERN GRAMPIANS,123,880962565.0255388,35,119,1.8285714285714287,66,21,35,11879,5729.9,2.1,103.54406936610826,74161.34060321061,29.463759575721863,100.17678255745435,55.5602323427898,1
358,PORT PHILLIP,1,2188146.517469394,36,165,1.9722222222222225,76,29,36,109515,20.6,5312.6,0.09131169246221978,19.980336186544253,3.287220928639912,15.066429256266265,6.939688627128704,1
359,PYRENEES,56,69369882.21276535,24,57,1.9166666666666667,46,11,24,7786,3434.6,2.3,71.92396609298741,8909.566171688331,30.824556896994608,73.20832263036219,59.080400719239655,1
360,QUEENSCLIFFE,2,36110.66231007174,8,23,1.75,16,9,8,3238,8.6,375.8,6.176652254478073,11.15215018841005,24.706609017912292,71.03150092649784,49.413218035824585,1
361,SOUTH GIPPSLAND,46,581535255.9734406,75,212,1.8800000000000003,142,27,75,30823,3296.3,9.4,14.923920449015345,18866.925866185662,24.3324789929598,68.77980728676638,46.0694935600039,1
362,SOUTHERN GRAMPIANS,24,690196936.9032241,48,142,1.7708333333333335,89,19,48,16470,6654,2.5,14.571948998178506,41906.31068022004,29.143897996357012,86.2173649058895,54.03764420157863,1
363,STONNINGTON,0,0,72,274,1.5416666666666667,117,22,72,111335,25.7,4340.4,0,0,6.4669690573494405,24.61041002380204,10.508824718192841,1
364,STRATHBOGIE,56,93135274.91789727,30,222,1.7666666666666666,55,18,30,11578,3303.3,3.5,48.367593712212816,8044.159174114465,25.911210917256867,191.7429607877008,47.50388668163759,1
365,SURF COAST,29,401754640.56109613,72,170,1.6805555555555558,124,25,72,39292,1552.9,25.3,7.380637279853405,10224.845784411487,18.324340832739487,43.26580474396824,31.558586989718005,1
366,SWAN HILL,83,260167094.62114388,40,199,1.9750000000000003,79,25,40,21212,6115.5,3.5,39.12879502168584,12265.090261226847,18.857250612860646,93.81482179898171,37.24306996039977,1
367,TOWONG,32,1406203130.9340107,25,69,1.44,37,10,25,6243,6675.2,0.9,51.25740829729297,225244.77509755097,40.04485023226013,110.52378664103796,59.266378343745,1
368,WANGARATTA,56,558263826.3707459,54,242,2.0555555555555554,116,28,54,30002,3645.1,8.2,18.665422305179654,18607.55370877761,17.998800079994666,80.66128924738351,38.66408906072928,1
369,WARRNAMBOOL,3,645202.4722785719,45,194,1.9555555555555553,97,39,45,35907,120.9,296.9,0.8354916868577158,17.968710064293088,12.532375302865736,54.02846241679895,27.014231208399476,1
370,WELLINGTON,86,2581732944.726116,89,313,1.741573033707865,169,31,89,46124,10817.4,4.3,18.64539068597693,55973.74348985596,19.295811291301707,67.86054982221836,36.64036076662909,1
371,WEST WIMMERA,114,1432314441.6021562,28,81,1.75,49,16,28,3933,9108.7,0.4,289.8550724637681,364178.6019837671,71.19247393846936,205.94965675057207,124.58682939232139,1
372,WHITEHORSE,6,924800.942609947,78,320,1.923076923076923,153,27,78,178639,64.3,2779.1,0.33587290569248596,5.176926329692547,4.3663477740023175,17.913221636932587,8.564759095158392,1
373,WHITTLESEA,8,51070445.32357893,66,218,2.090909090909091,139,34,66,245029,489.7,500.4,0.3264919662570553,208.426126391484,2.693558721620706,8.896906080504756,5.672797913716336,1
374,WODONGA,11,33353510.53865101,33,155,1.7878787878787876,63,33,33,44276,433,102.3,2.484415936398952,753.3090283370451,7.4532478091968555,35.00767910380342,14.228927635739453,1
375,WYNDHAM,7,14264657.615275495,66,250,2.121212121212121,145,34,66,324087,542.1,597.8,0.21599138502932855,44.01490221846447,2.0364902017050976,7.713978036761734,4.474107261321806,1
376,YARRA,2,1260290.7798376046,104,124,1.326923076923077,138,23,104,97448,19.5,4986.6,0.2052376652163205,12.93295685737629,10.672358591248667,12.724735243411871,14.161398899926114,1
377,YARRA RANGES,77,831261313.5658324,96,443,2.03125,200,24,96,158694,2468.2,64.3,4.852105309589525,5238.139523648231,6.049378048319407,27.915359118807263,12.602870933998766,1
378,YARRIAMBIACK,66,513392846.18357444,40,148,2,82,17,40,6389,7325.8,0.9,103.30255125997809,80355.74365058294,62.60760682422915,231.64814524964783,128.34559398966974,1
