LGA_NAME,obesity_percent,obesity_ll,obesity_ul,distress_percent,distress_ll,distress_ul,poor_health_percent,poor_health_ll,poor_health_ul
ALPINE,20.7716,16.58804,25.68536,14.43222,10.29139,19.8701,16.69354,12.74012,21.57048
ARARAT,27.84888,22.61808,33.76158,21.25872,16.24634,27.31323,28.27376,22.99495,34.22578
BALLARAT,29.91438,25.33106,34.93895,22.29075,18.12865,27.0922,29.91542,25.21453,35.0816
BANYULE,17.52188,13.71145,22.11978,14.35028,10.79327,18.83206,16.64573,12.9192,21.185669999999998
BASS COAST,23.39964,18.51829,29.10805,17.31397,12.66302,23.21901,20.43266,15.42571,26.55451
BAW BAW,30.96598,26.2447,36.12064,25.84553,21.25705,31.03411,25.65458,21.12582,30.77537
BAYSIDE,15.66363,11.79257,20.50994,12.38499,8.912424,16.95867,13.21696,9.662119,17.82167
BENALLA,28.75451,23.56675,34.56779,25.07706,19.95686,31.0021,24.73859,19.87673,30.33935
BOROONDARA,14.88135,11.65481,18.81095,12.53239,9.555059,16.27056,17.33462,13.49168,21.99389
BRIMBANK,23.74201,19.34024,28.78804,27.3361,22.45853,32.82455,29.27828,24.1948,34.93757
BULOKE,33.52466,27.90415,39.65459,21.09668,16.26854,26.89741,27.77035,22.51613,33.71714
CAMPASPE,30.28466,25.51239,35.52389,23.92008,19.28368,29.26703,30.12056,25.22846,35.51075
CARDINIA,28.81839,24.62058,33.41464,22.11458,18.00345,26.85701,23.89445,19.90837,28.39566
CASEY,27.54056,23.00196,32.59558,17.38087,13.56627,21.99513,21.19326,17.04853,26.02945
CENTRAL GOLDFIELDS,27.36443,21.8375,33.68732,26.69014,20.75623,33.60115,28.66168,22.80773,35.33046
COLAC OTWAY,28.25422,23.35829,33.72479,25.24599,20.46572,30.71167,27.61592,22.75926,33.06529
CORANGAMITE,25.7764,20.93357,31.29613,13.56679,9.842478,18.41254,20.47217,16.20836,25.51606
DAREBIN,16.14822,12.21511,21.04414,20.05998,16.12108,24.67812,17.9108,14.00201,22.6237
EAST GIPPSLAND,29.14141,23.62093,35.35486,24.035520000000002,18.55968,30.52146,21.72098,16.98673,27.34012
FRANKSTON,29.0915,24.55346,34.08931,29.00732,24.29158,34.22469,33.24782,28.4005,38.47785
GANNAWARRA,32.07694,26.27003,38.49723,16.74217,12.14693,22.62806,23.74572,18.62613,29.75789
GLEN EIRA,17.50095,13.90478,21.7918,17.09113,13.64861,21.18888,19.46071,15.48675,24.16284
GLENELG,32.14722,26.810669999999998,37.99457,21.208,16.54486,26.76394,24.69433,19.89296,30.21743
GOLDEN PLAINS,28.47319,23.97415,33.4451,17.67753,13.76578,22.41196,20.78233,16.70911,25.54398
GREATER BENDIGO,28.25805,23.86272,33.1109,20.51177,16.54675,25.14068,21.64668,17.77184,26.09822
GREATER DANDENONG,16.81916,12.90112,21.63158,19.97977,15.96866,24.70224,16.89043,12.91551,21.78269
GREATER GEELONG,20.50368,16.72299,24.88369,19.89143,15.84501,24.6683,16.83441,13.45628,20.85622
GREATER SHEPPARTON,32.0457,27.11648,37.41103,20.3812,16.05738,25.51542,25.32686,20.70449,30.58318
HEPBURN,19.27036,14.54426,25.08145,25.78002,19.9501,32.61937,23.56499,18.15777,29.99234
HINDMARSH,33.52912,27.79671,39.79219,20.69437,15.80666,26.61566,21.85244,17.53805,26.88219
HOBSONS BAY,24.6139,20.18804,29.64959,18.62893,14.68428,23.34331,15.24669,11.73672,19.57356
HORSHAM,33.27866,28.34025,38.61389,15.83188,11.99536,20.60811,22.07688,17.8288,27.0045
HUME,23.61466,19.20098,28.68274,20.69704,16.53725,25.58247,24.34447,19.76344,29.59569
INDIGO,27.97514,22.87433,33.71616,14.13316,9.994657,19.61191,17.52685,13.15414,22.9687
KINGSTON,19.51075,15.77622,23.87867,18.95076,14.69955,24.08431,17.62662,13.93662,22.04338
KNOX,27.82274,23.212,32.95626,16.54112,12.85781,21.02498,22.89458,18.42543,28.07467
LATROBE,31.06885,26.23536,36.35398,22.47706,18.07118,27.59532,23.14245,18.8403,28.08701
LODDON,30.08357,24.50072,36.32648,20.38296,15.17428,26.81438,27.11284,21.28266,33.85328
MACEDON RANGES,22.42825,18.05691,27.50265,18.1535,13.84677,23.43536,19.30687,14.95599,24.55796
MANNINGHAM,13.63326,10.4092,17.65908,17.07014,13.34724,21.57294,16.85493,13.30091,21.12718
MANSFIELD,24.28241,19.71477,29.51922,16.69293,12.22683,22.3745,16.05289,12.29869,20.68282
MARIBYRNONG,17.26595,13.66263,21.58203,20.87644,17.11279,25.21601,24.90457,19.72653,30.91828
MAROONDAH,23.30881,19.05649,28.17966,21.78541,17.36092,26.96949,24.52022,20.00737,29.67339
MELBOURNE,9.711417,6.983454,13.35205,17.59906,13.73689,22.26681,13.71632,10.1864,18.22129
MELTON,31.77384,27.14264,36.79614,20.92812,17.10569,25.34357,24.33294,20.16478,29.04919
MERRI-BEK,18.60586,14.45076,23.62577,19.60897,15.7909,24.08616,16.08608,12.49509,20.46769
MILDURA,25.26724,20.91302,30.18207,21.03761,16.91148,25.85717,25.10488,20.6529,30.15186
MITCHELL,32.47441,27.54687,37.82325,22.535520000000002,18.13116,27.64845,25.4059,20.99254,30.39021
MOIRA,28.96927,24.06255,34.42299,22.31901,17.60376,27.87005,29.75534,24.64269,35.43001
MONASH,16.35567,12.70205,20.8097,15.85026,12.23128,20.29246,18.64586,14.56167,23.55968
MOONEE VALLEY,20.3368,16.27448,25.10903,18.35339,14.34756,23.17504,21.2223,16.9061,26.29177
MOORABOOL,30.02795,25.2483,35.28532,23.94363,19.40627,29.15805,21.71901,17.63639,26.44329
MORNINGTON PENINSULA,22.03655,17.19538,27.78338,17.12186,12.60563,22.83338,18.32488,13.85432,23.83881
MOUNT ALEXANDER,17.92036,13.5656,23.29628,22.61692,17.20322,29.13477,15.9079,11.80193,21.10062
MOYNE,28.17506,23.71485,33.11003,18.22116,13.85488,23.58668,18.39422,14.49622,23.05774
MURRINDINDI,24.44909,19.63506,30.00275,24.63603,19.09434,31.16651,24.68803,19.51663,30.7069
NILLUMBIK,17.96047,14.41098,22.15788,17.00954,13.20092,21.643,16.14575,12.49029,20.61896
NORTHERN GRAMPIANS,28.55447,23.44064,34.28434,26.98871,21.67871,33.05049,21.54728,17.20149,26.63776
PORT PHILLIP,15.76421,12.35222,19.90464,16.94391,13.34793,21.27086,15.21608,11.69573,19.5613
PYRENEES,35.27755,29.40897,41.62664,25.86788,20.50338,32.06974,30.05828,24.50284,36.26821
QUEENSCLIFFE,18.71298,8.88246,35.21811,8.746275,3.284598,21.29049,17.17072,8.638377,31.2482
SOUTH GIPPSLAND,26.05232,20.62081,32.33176,16.4153,11.66482,22.60532,21.92006,17.18607,27.52465
SOUTHERN GRAMPIANS,29.37766,24.35509,34.95734,14.45296,10.40549,19.72813,20.48549,16.09851,25.70174
STONNINGTON,10.79463,7.797649,14.75909,15.99774,12.16348,20.75507,14.87487,11.13141,19.5996
STRATHBOGIE,24.79117,19.36091,31.15603,18.58761,13.31138,25.34377,24.70438,19.25632,31.10013
SURF COAST,16.74595,13.06745,21.20736,18.18557,13.97892,23.31501,14.6362,11.19837,18.90475
SWAN HILL,31.96485,26.9386,37.44824,17.63981,13.5824,22.5924,19.44236,15.85615,23.61205
TOWONG,24.88625,20.46077,29.90901,12.85225,9.015276,17.99922,16.97095,12.96892,21.89725
WANGARATTA,28.49981,23.31036,34.32743,20.09407,15.63147,25.44643,20.06109,15.61409,25.3935
WARRNAMBOOL,33.2011,28.30245,38.49242,16.62141,12.84154,21.24271,22.99,18.74556,27.86589
WELLINGTON,33.98697,28.66662,39.74459,20.79966,16.33563,26.10297,21.70235,17.31407,26.8418
WEST WIMMERA,30.40285,25.01688,36.3857,20.98537,16.16378,26.78568,23.76601,18.99933,29.29606
WHITEHORSE,17.81008,13.77902,22.70982,15.76849,12.29781,19.99534,18.52406,14.48169,23.38624
WHITTLESEA,23.12325,18.98352,27.85535,23.1942,18.86998,28.16534,24.34639,20.07144,29.19922
WODONGA,31.83004,27.25457,36.78522,27.17279,22.65459,32.21675,27.43943,23.04003,32.32603
WYNDHAM,29.61286,24.8282,34.8916,21.43474,17.21134,26.36448,23.49015,19.15418,28.46212
YARRA,11.83493,8.78573,15.75955,15.79424,12.38362,19.93053,16.65669,13.06564,20.99637
YARRA RANGES,22.27578,17.71831,27.61213,27.17568,21.85592,33.23951,20.9498,16.53151,26.17859
YARRIAMBIACK,34.04812,28.66864,39.87277,21.87287,16.83644,27.91027,24.44861,19.47319,30.21821
