LGA_CODE,LGA_NAME,park_count,park_area_sqm,facility_count,total_fields_courts,mean_sports_per_facility,sport_opportunity_count,sport_type_count,facilities_with_sport_data,population_2023,area_km2,population_density_2023,parks_per_10000,park_area_sqm_per_capita,facilities_per_10000,fields_courts_per_10000,sport_opportunities_per_10000,sport_data_coverage,activity_percent,lower_ci,upper_ci,obesity_percent,obesity_ll,obesity_ul,distress_percent,distress_ll,distress_ul,poor_health_percent,poor_health_ll,poor_health_ul,SEIFA_IRSAD
300,ALPINE,22,1595538786.673291,37,92,1.7837837837837835,66,28,37,13182,4788.2,2.8,16.68942497344864,121039.20396550532,28.068578364436352,69.79214079805796,50.06827492034593,1,36.53945,30.75284,42.74281,20.7716,16.58804,25.68536,14.43222,10.29139,19.8701,16.69354,12.74012,21.57048,988.9270847
301,ARARAT,53,436494880.0090491,42,71,1.738095238095238,73,20,42,11683,4211.1,2.8,45.365060344089706,37361.540700937185,35.9496704613541,60.772061970384314,62.48395103997261,1,35.36348,29.49026,41.71439,27.84888,22.61808,33.76158,21.25872,16.24634,27.31323,28.27376,22.99495,34.22578,931.8990008
302,BALLARAT,14,39152383.59214706,98,300,1.857142857142857,193,37,98,118137,739,159.9,1.1850647976501858,331.4150824225015,8.2954535835513,25.394245663932555,16.336964710463278,1,34.17921,29.41861,39.28144,29.91438,25.33106,34.93895,22.29075,18.12865,27.0922,29.91542,25.21453,35.0816,964.8076543
303,BANYULE,3,2909079.0656711897,74,285,2.0675675675675675,156,22,74,129602,62.5,2072.3,0.2314779092915233,22.446251336176832,5.709788429190907,21.99040138269471,12.03685128315921,1,37.17519,32.15475,42.48858,17.52188,13.71145,22.11978,14.35028,10.79327,18.83206,16.64573,12.9192,21.185669999999998,1064.256909
304,BASS COAST,32,38976083.09343632,53,112,1.660377358490566,89,24,53,42729,865.8,49.4,7.489058952935945,912.169325128983,12.40375389080016,26.21170633527581,20.828945212853096,1,40.57436,34.14735,47.3414,23.39964,18.51829,29.10805,17.31397,12.66302,23.21901,20.43266,15.42571,26.55451,957.4960869
305,BAW BAW,43,262582845.1174238,91,290,1.6923076923076923,158,28,91,60644,4027.6,15.1,7.090561308620803,4329.906423016684,15.00560649033705,47.82006463953565,26.053690389815976,1,32.67322,27.89567,37.83959,30.96598,26.2447,36.12064,25.84553,21.25705,31.03411,25.65458,21.12582,30.77537,971.1326956
306,BAYSIDE,0,0,99,261,1.4747474747474747,153,18,99,104272,37.2,2802.2,0,0,9.494399263464784,25.030688967316248,14.673162498081938,1,37.43182,32.13597,43.04682,15.66363,11.79257,20.50994,12.38499,8.912424,16.95867,13.21696,9.662119,17.82167,1127.126354
381,BENALLA,44,178552458.74779117,21,93,2.047619047619047,44,20,21,14529,2352.6,6.2,30.284259068070757,12289.383904452556,14.453850918851952,64.00991121205864,30.284259068070757,1,35.79407,30.34432,41.63752,28.75451,23.56675,34.56779,25.07706,19.95686,31.0021,24.73859,19.87673,30.33935,938.3979906
307,BOROONDARA,1,1195071.8033845157,91,335,1.967032967032967,184,31,91,174537,60.2,2900.4,0.05729444186619456,6.847097196494243,5.213794209823705,19.19363802517518,10.542177303379798,1,39.28034,34.1666,44.64047,14.88135,11.65481,18.81095,12.53239,9.555059,16.27056,17.33462,13.49168,21.99389,1130.726944
308,BRIMBANK,3,4526109.650515208,122,279,1.5491803278688523,202,30,122,196046,123.4,1588.7,0.15302531038633788,23.0869778037563,6.223029289044408,14.231353865929425,10.303704232680088,1,37.18769,31.68845,43.03998,23.74201,19.34024,28.78804,27.3361,22.45853,32.82455,29.27828,24.1948,34.93757,928.4203582
309,BULOKE,96,60335535.011236675,48,166,1.6041666666666663,78,19,48,6040,7998.2,0.8,158.94039735099338,9989.326988615345,79.47019867549669,274.8344370860927,129.13907284768212,1,33.04685,27.65671,38.9223,33.52466,27.90415,39.65459,21.09668,16.26854,26.89741,27.77035,22.51613,33.71714,946.0568513
310,CAMPASPE,40,89876853.85653509,71,307,2.042253521126761,150,27,71,38299,4519.1,8.5,10.444136922635057,2346.715419633282,18.538343037677222,80.15875088122405,39.16551345988146,1,31.08881,26.18167,36.46138,30.28466,25.51239,35.52389,23.92008,19.28368,29.26703,30.12056,25.22846,35.51075,931.7649788
311,CARDINIA,35,149770190.40573996,73,296,2.0273972602739727,152,21,73,126960,1282.6,99,2.7567737870195335,1179.664385678481,5.749842470069313,23.314429741650915,11.972274732199118,1,33.61095,28.87525,38.70072,28.81839,24.62058,33.41464,22.11458,18.00345,26.85701,23.89445,19.90837,28.39566,992.8915294
312,CASEY,10,12694541.24156992,110,447,2.1181818181818186,246,36,110,392110,409.4,957.7,0.25503047614189894,32.374948972405505,2.8053352375608887,11.399862283542884,6.273749713090715,1,32.21204,27.4004,37.43297,27.54056,23.00196,32.59558,17.38087,13.56627,21.99513,21.19326,17.04853,26.02945,986.3415394
313,CENTRAL GOLDFIELDS,52,31726351.421935897,35,127,1.914285714285714,70,26,35,13574,1532.8,8.9,38.30853101517607,2337.2883027800126,25.78458818329159,93.56121997937232,51.56917636658318,1,32.67159,26.76534,39.183839999999996,27.36443,21.8375,33.68732,26.69014,20.75623,33.60115,28.66168,22.80773,35.33046,867.2320061
314,COLAC OTWAY,51,1131430331.9788177,60,156,1.7166666666666666,105,24,60,22273,3437.5,6.5,22.897678803933015,50798.29084446719,26.9384456516859,70.03995869438333,47.14227989045032,1,35.78637,30.51577,41.42459,28.25422,23.35829,33.72479,25.24599,20.46572,30.71167,27.61592,22.75926,33.06529,938.0508911
315,CORANGAMITE,42,416843919.50154054,54,179,1.962962962962963,107,25,54,15948,4407.5,3.6,26.33559066967645,26137.69246937174,33.86004514672686,112.23977928266868,67.09305242036619,1,31.69298,26.39712,37.50985,25.7764,20.93357,31.29613,13.56679,9.842478,18.41254,20.47217,16.20836,25.51606,954.628077
316,DAREBIN,0,0,60,183,2.033333333333333,122,32,60,155683,53.5,2911.5,0,0,3.8539853420090826,11.7546552931277,7.836436862085135,1,36.16059,31.05079,41.60388,16.14822,12.21511,21.04414,20.05998,16.12108,24.67812,17.9108,14.00201,22.6237,1044.196002
319,EAST GIPPSLAND,95,5839186017.3850975,85,236,1.8470588235294112,158,28,85,49179,20939.5,2.3,19.317188230748897,118733.32148651044,17.283799995933222,47.98796234164989,32.12753411008764,1,37.2794,31.02996,43.98481,29.14141,23.62093,35.35486,24.035520000000002,18.55968,30.52146,21.72098,16.98673,27.34012,930.853683
320,FRANKSTON,4,324155.6014569063,90,437,1.577777777777778,146,31,89,142826,129.6,1102.1,0.2800610533096215,2.2695839795058763,6.301373699466484,30.596670074076147,10.222228445801184,0.9888888888888888,33.77975,28.84893,39.09032,29.0915,24.55346,34.08931,29.00732,24.29158,34.22469,33.24782,28.4005,38.47785,982.1058149
321,GANNAWARRA,30,110069708.27069788,48,151,1.7083333333333337,86,25,48,10420,3737.6,2.8,28.790786948176585,10563.311734232042,46.06525911708253,144.91362763915546,82.53358925143954,1,29.39718,23.76077,35.74376,32.07694,26.27003,38.49723,16.74217,12.14693,22.62806,23.74572,18.62613,29.75789,919.3824473
322,GLEN EIRA,0,0,63,240,1.8888888888888888,127,29,63,156837,38.7,4053.6,0,0,4.016909275234798,15.302511524703991,8.097579015155862,1,36.46712,31.55389,41.67953,17.50095,13.90478,21.7918,17.09113,13.64861,21.18888,19.46071,15.48675,24.16284,1102.847404
323,GLENELG,84,762082043.8542314,56,182,1.8392857142857144,108,30,55,20022,6218.8,3.2,41.95385076415943,38062.23373560241,27.96923384277295,90.90000998901208,53.940665268204974,0.9821428571428572,36.17078,30.52398,42.227290000000004,32.14722,26.810669999999998,37.99457,21.208,16.54486,26.76394,24.69433,19.89296,30.21743,919.422361
324,GOLDEN PLAINS,31,78762080.19308272,49,163,2.204081632653061,109,20,49,25818,2703.4,9.6,12.007126810752188,3050.665434699927,18.97900689441475,63.13424742427764,42.21860717328995,1,34.91664,30.00742,40.16809,28.47319,23.97415,33.4451,17.67753,13.76578,22.41196,20.78233,16.70911,25.54398,996.946464
325,GREATER BENDIGO,77,384838336.58731216,134,384,1.7388059701492533,236,41,134,124174,3000,41.4,6.20097604973666,3099.1861145434,10.79130896967159,30.92434809219321,19.005588931660412,1,34.55428,29.81675,39.61962,28.25805,23.86272,33.1109,20.51177,16.54675,25.14068,21.64668,17.77184,26.09822,959.0622591
326,GREATER DANDENONG,1,413.0201409541333,59,266,1.9152542372881352,121,31,59,163792,129.5,1264.3,0.06105304288365732,0.00252161363774868,3.602129530135782,16.240109407052845,7.387418188922536,1,37.49981,31.90761,43.44675,16.81916,12.90112,21.63158,19.97977,15.96866,24.70224,16.89043,12.91551,21.78269,917.860836
327,GREATER GEELONG,16,59342367.22998091,178,616,1.7808988764044948,350,38,178,282809,1248,226.6,0.5657528579359214,209.8319616065292,6.294000544537126,21.781485030532973,12.37584376734828,1,37.64958,32.5694,43.01667,20.50368,16.72299,24.88369,19.89143,15.84501,24.6683,16.83441,13.45628,20.85622,989.5729385
328,GREATER SHEPPARTON,29,83725464.45284787,81,326,2.0987654320987654,174,32,80,69135,2421.9,28.5,4.194691545526868,1211.043096157487,11.7162074202647,47.1541187531641,25.168149273161205,0.9876543209876544,29.63777,24.79739,34.98346,32.0457,27.11648,37.41103,20.3812,16.05738,25.51542,25.32686,20.70449,30.58318,931.1302985
329,HEPBURN,53,168812892.67553374,35,109,1.8,65,19,35,16670,1473,11.3,31.793641271745653,10126.748210889846,20.995800839832032,65.3869226154769,38.99220155968806,1,29.28783,23.86793,35.36674,19.27036,14.54426,25.08145,25.78002,19.9501,32.61937,23.56499,18.15777,29.99234,983.9111418
330,HINDMARSH,51,2515833684.2805376,26,80,1.7307692307692308,49,17,26,5559,7524.2,0.7,91.74311926605505,452569.47009903536,46.77100197877317,143.91077531930205,88.1453498830725,1,25.86751,20.85098,31.60896,33.52912,27.79671,39.79219,20.69437,15.80666,26.61566,21.85244,17.53805,26.88219,922.8301517
331,HOBSONS BAY,3,1788499.0580900912,76,230,1.6578947368421053,136,36,76,93738,64.2,1459.2,0.3200409652435512,19.07976549627783,8.10770445283663,24.53647400200559,14.508523757707652,1,40.2386,34.97076,45.7418,24.6139,20.18804,29.64959,18.62893,14.68428,23.34331,15.24669,11.73672,19.57356,1034.269139
332,HORSHAM,36,219513815.55374885,44,184,1.863636363636364,87,26,44,20315,4266.8,4.8,17.720895889736646,10805.504088296768,21.65887275412257,90.5734678808762,42.8254984001969,1,31.64604,26.84791,36.86949,33.27866,28.34025,38.61389,15.83188,11.99536,20.60811,22.07688,17.8288,27.0045,959.111719
333,HUME,5,1029241.1782241438,78,260,2.217948717948718,177,32,78,262764,503.8,521.5,0.19028481831605548,3.9169794120356816,2.968443165730465,9.894810552434883,6.736082568388364,1,28.90922,24.11806,34.22291,23.61466,19.20098,28.68274,20.69704,16.53725,25.58247,24.34447,19.76344,29.59569,948.5714471
334,INDIGO,66,225739728.46465117,31,89,1.8387096774193548,57,17,31,17662,2040.5,8.7,37.36836145396897,12781.096617860445,17.551806137470276,50.3906692333824,32.272675801155025,1,36.53533,30.40729,43.13294,27.97514,22.87433,33.71616,14.13316,9.994657,19.61191,17.52685,13.15414,22.9687,996.2871485
335,KINGSTON,4,4419919.867279774,100,290,1.64,172,31,100,163724,91.4,1791.9,0.24431360093816423,26.99616346583136,6.107840023454106,17.712736068016905,10.505484840341062,1,34.05486,29.02549,39.47104,19.51075,15.77622,23.87867,18.95076,14.69955,24.08431,17.62662,13.93662,22.04338,1048.233929
336,KNOX,6,11188214.137840044,98,405,2.204081632653061,221,31,98,161766,113.9,1420.1,0.3709061236601016,69.16295227575661,6.058133353114994,25.03616334705686,13.661708888147077,1,34.87249,29.72022,40.40446,27.82274,23.212,32.95626,16.54112,12.85781,21.02498,22.89458,18.42543,28.07467,1028.669427
337,LATROBE,12,25284881.302848913,95,310,1.7263157894736842,168,33,95,78154,1425.6,54.8,1.5354300483660466,323.52638768135876,12.155487882897868,39.665276249456205,21.49602067712465,1,35.4254,30.31971,40.88637,31.06885,26.23536,36.35398,22.47706,18.07118,27.59532,23.14245,18.8403,28.08701,907.0987768
338,LODDON,81,177449604.83166018,47,147,1.5319148936170213,75,13,47,7747,6696.4,1.2,104.55660255582806,22905.5898840403,60.66864592745579,189.75087130502132,96.81166903317414,1,34.21623,28.23365,40.74675,30.08357,24.50072,36.32648,20.38296,15.17428,26.81438,27.11284,21.28266,33.85328,924.8063462
339,MACEDON RANGES,35,132043104.91738442,58,196,2.0172413793103448,119,26,58,52920,1748.3,30.3,6.613756613756613,2495.145595566599,10.959939531368104,37.03703703703704,22.486772486772487,1,41.11186,35.46964,46.99792,22.42825,18.05691,27.50265,18.1535,13.84677,23.43536,19.30687,14.95599,24.55796,1047.396791
340,MANNINGHAM,5,12638246.574778227,56,273,2.1785714285714284,131,27,56,129514,113.3,1142.6,0.3860586500301126,97.58208822813154,4.323856880337261,21.07880229164415,10.114736630788949,1,32.26159,27.50717,37.41366,13.63326,10.4092,17.65908,17.07014,13.34724,21.57294,16.85493,13.30091,21.12718,1075.160902
382,MANSFIELD,18,523099071.301567,25,43,1.4,35,19,25,10546,3843.9,2.7,17.068082685378343,49601.65667566537,23.70567039635881,40.77375308173715,33.18793855490233,1,33.31892,27.7031,39.45193,24.28241,19.71477,29.51922,16.69293,12.22683,22.3745,16.05289,12.29869,20.68282,988.5583631
341,MARIBYRNONG,2,650775.6454159148,47,141,2.170212765957447,103,27,47,91762,31.2,2938.7,0.21795514483119377,7.091995002461965,5.121945903533053,15.365837710599155,11.22468995880648,1,35.60956,29.8965,41.76395,17.26595,13.66263,21.58203,20.87644,17.11279,25.21601,24.90457,19.72653,30.91828,1044.594148
342,MAROONDAH,1,16058.915472298111,57,228,2.157894736842105,125,31,57,117434,61.4,1912.3,0.08515421428206482,0.13674843292656394,4.853790214077694,19.415160856310777,10.644276785258102,1,29.20721,24.47889,34.43245,23.30881,19.05649,28.17966,21.78541,17.36092,26.96949,24.52022,20.00737,29.67339,1034.655377
343,MELBOURNE,1,415149.6357362546,54,242,2.2962962962962963,131,31,54,177396,37.5,4724.9,0.05637105684457372,2.340242371509248,3.0440370696069814,13.64179575638684,7.384608446639158,1,41.93163,35.83606,48.28381,9.711417,6.983454,13.35205,17.59906,13.73689,22.26681,13.71632,10.1864,18.22129,1085.522115
344,MELTON,7,8216944.341257956,56,178,1.9107142857142856,110,29,56,206070,527.5,390.6,0.3396903964672199,39.8745297290142,2.717523171737759,8.63784151016645,5.337991944484884,1,31.90563,27.35713,36.82698,31.77384,27.14264,36.79614,20.92812,17.10569,25.34357,24.33294,20.16478,29.04919,973.9039808
351,MERRI-BEK,0,0,70,172,1.7714285714285714,129,25,70,181223,51,3556.7,0,0,3.862644366333192,9.4910690144187,7.118301760814025,1,35.31917,29.97025,41.06297,18.60586,14.45076,23.62577,19.60897,15.7909,24.08616,16.08608,12.49509,20.46769,1049.419536
345,MILDURA,161,9712623355.095,54,293,2.111111111111111,116,32,54,57554,22081.9,2.6,27.97372901970323,168756.70422724748,9.382492963130275,50.90871181846614,20.15498488376134,1,31.2381,26.33743,36.5976,25.26724,20.91302,30.18207,21.03761,16.91148,25.85717,25.10488,20.6529,30.15186,922.2651057
346,MITCHELL,36,82871495.43218324,46,133,1.934782608695652,96,23,46,53723,2862.1,18.8,6.7010405226811605,1542.5701362951295,8.562440667870373,24.75662193101651,17.86944139381643,1,33.74781,28.59485,39.31806,32.47441,27.54687,37.82325,22.535520000000002,18.13116,27.64845,25.4059,20.99254,30.39021,968.230862
347,MOIRA,53,454920299.135376,65,322,1.8,122,23,65,30775,4045.9,7.6,17.221770917952885,14782.138071011406,21.121039805036553,104.63038180341184,39.642567018684,1,31.07671,26.09773,36.53598,28.96927,24.06255,34.42299,22.31901,17.60376,27.87005,29.75534,24.64269,35.43001,926.7433001
348,MONASH,2,2194694.051216618,95,330,1.7263157894736842,166,32,95,203560,81.5,2498.2,0.09825112988799373,10.781558514524551,4.666928669679701,16.211436431518962,8.154843780703478,1,29.75836,25.07501,34.9089,16.35567,12.70205,20.8097,15.85026,12.23128,20.29246,18.64586,14.56167,23.55968,1066.962401
349,MOONEE VALLEY,2,1062809.3038773728,65,188,1.8615384615384616,127,22,65,126486,43.1,2932.1,0.1581202662745284,8.402584506406818,5.138908653922173,14.86330502980567,10.040636908432552,1,37.00474,31.83694,42.4885,20.3368,16.27448,25.10903,18.35339,14.34756,23.17504,21.2223,16.9061,26.29177,1059.755144
350,MOORABOOL,21,285741173.5714898,38,118,1.8157894736842104,69,19,38,39092,2110.6,18.5,5.3719431085644125,7309.453943811773,9.720658958354653,30.185204133838127,17.650670213854497,1,31.97349,26.94779,37.45591,30.02795,25.2483,35.28532,23.94363,19.40627,29.15805,21.71901,17.63639,26.44329,987.1572238
352,MORNINGTON PENINSULA,36,58508816.49310976,130,394,1.6615384615384614,223,32,130,170243,724,235.1,2.114624389842754,343.6782510476775,7.636143629987723,23.143389155501257,13.09892330374817,1,36.97391,30.93961,43.44474,22.03655,17.19538,27.78338,17.12186,12.60563,22.83338,18.32488,13.85432,23.83881,1016.208911
353,MOUNT ALEXANDER,49,77515795.20384456,56,127,1.5714285714285716,89,27,56,20576,1529.6,13.5,23.814152410575428,3767.2917575740944,27.216174183514777,61.72239502332815,43.2542768273717,1,37.9219,31.79621,44.45845,17.92036,13.5656,23.29628,22.61692,17.20322,29.13477,15.9079,11.80193,21.10062,986.7803982
354,MOYNE,27,87613783.00802638,39,94,1.846153846153846,74,17,39,17610,5481.7,3.2,15.332197614991482,4975.229018059419,22.14650766609881,53.37876206700738,42.02157864849517,1,36.7699,31.27307,42.63357,28.17506,23.71485,33.11003,18.22116,13.85488,23.58668,18.39422,14.49622,23.05774,998.4238392
355,MURRINDINDI,51,317553849.6069124,51,82,1.5686274509803924,80,17,51,15482,3879.8,4,32.94148042888516,20511.16455282989,32.94148042888516,52.96473323859966,51.6729104766826,1,38.81963,32.49138,45.54881,24.44909,19.63506,30.00275,24.63603,19.09434,31.16651,24.68803,19.51663,30.7069,970.812613
356,NILLUMBIK,27,68002293.5169856,58,204,1.6724137931034482,101,27,58,63264,432.3,146.3,4.267830045523521,1074.8971534677794,9.167931208902376,32.24582701062215,15.964845725847244,1,32.57858,27.58155,38.00581,17.96047,14.41098,22.15788,17.00954,13.20092,21.643,16.14575,12.49029,20.61896,1088.097268
357,NORTHERN GRAMPIANS,123,880962565.0255388,35,119,1.8285714285714287,66,21,35,11879,5729.9,2.1,103.54406936610826,74161.34060321061,29.463759575721863,100.17678255745436,55.5602323427898,1,32.74988,27.22776,38.79491,28.55447,23.44064,34.28434,26.98871,21.67871,33.05049,21.54728,17.20149,26.63776,920.6550335
358,PORT PHILLIP,1,2188146.517469394,36,165,1.9722222222222223,76,29,36,109515,20.6,5312.6,0.09131169246221978,19.980336186544253,3.287220928639912,15.066429256266265,6.939688627128704,1,39.81052,34.88184,44.95483,15.76421,12.35222,19.90464,16.94391,13.34793,21.27086,15.21608,11.69573,19.5613,1105.734658
359,PYRENEES,56,69369882.21276535,24,57,1.9166666666666667,46,11,24,7786,3434.6,2.3,71.92396609298741,8909.566171688331,30.824556896994608,73.20832263036219,59.080400719239655,1,35.78185,30.03441,41.96938,35.27755,29.40897,41.62664,25.86788,20.50338,32.06974,30.05828,24.50284,36.26821,929.2570974
360,QUEENSCLIFFE,2,36110.66231007174,8,23,1.75,16,9,8,3238,8.6,375.8,6.176652254478073,11.15215018841005,24.706609017912292,71.03150092649784,49.413218035824585,1,51.12402,39.14292,62.97735,18.71298,8.88246,35.21811,8.746275,3.284598,21.29049,17.17072,8.638377,31.2482,1067.199476
361,SOUTH GIPPSLAND,46,581535255.9734406,75,212,1.8800000000000003,142,27,75,30823,3296.3,9.4,14.923920449015345,18866.925866185666,24.3324789929598,68.77980728676638,46.0694935600039,1,35.50799,29.42767,42.09526,26.05232,20.62081,32.33176,16.4153,11.66482,22.60532,21.92006,17.18607,27.52465,965.9906565
362,SOUTHERN GRAMPIANS,24,690196936.9032241,48,142,1.7708333333333337,89,19,48,16470,6654,2.5,14.571948998178506,41906.31068022004,29.143897996357012,86.2173649058895,54.03764420157863,1,33.92358,28.5761,39.7153,29.37766,24.35509,34.95734,14.45296,10.40549,19.72813,20.48549,16.09851,25.70174,961.5382901
363,STONNINGTON,0,0,72,274,1.5416666666666667,117,22,72,111335,25.7,4340.4,0,0,6.4669690573494405,24.61041002380204,10.50882471819284,1,38.58914,33.53262,43.90449,10.79463,7.797649,14.75909,15.99774,12.16348,20.75507,14.87487,11.13141,19.5996,1129.989129
364,STRATHBOGIE,56,93135274.91789728,30,222,1.7666666666666666,55,18,30,11578,3303.3,3.5,48.367593712212816,8044.159174114465,25.911210917256867,191.7429607877008,47.50388668163759,1,41.98707,35.24064,49.04687,24.79117,19.36091,31.15603,18.58761,13.31138,25.34377,24.70438,19.25632,31.10013,954.1825635
365,SURF COAST,29,401754640.56109613,72,170,1.6805555555555558,124,25,72,39292,1552.9,25.3,7.380637279853405,10224.845784411487,18.324340832739487,43.26580474396824,31.558586989718005,1,46.15833,40.76123,51.64701,16.74595,13.06745,21.20736,18.18557,13.97892,23.31501,14.6362,11.19837,18.90475,1075.791801
366,SWAN HILL,83,260167094.62114388,40,199,1.9750000000000003,79,25,40,21212,6115.5,3.5,39.12879502168584,12265.090261226847,18.857250612860646,93.81482179898173,37.24306996039977,1,32.18448,27.03599,37.80541,31.96485,26.9386,37.44824,17.63981,13.5824,22.5924,19.44236,15.85615,23.61205,927.0698076
367,TOWONG,32,1406203130.9340107,25,69,1.44,37,10,25,6243,6675.2,0.9,51.25740829729297,225244.77509755097,40.04485023226013,110.52378664103796,59.266378343745,1,31.68148,25.83275,38.17286,24.88625,20.46077,29.90901,12.85225,9.015276,17.99922,16.97095,12.96892,21.89725,968.3370011
368,WANGARATTA,56,558263826.3707459,54,242,2.0555555555555554,116,28,54,30002,3645.1,8.2,18.665422305179657,18607.55370877761,17.998800079994666,80.66128924738351,38.66408906072928,1,33.13416,27.77107,38.9741,28.49981,23.31036,34.32743,20.09407,15.63147,25.44643,20.06109,15.61409,25.3935,956.582454
369,WARRNAMBOOL,3,645202.4722785719,45,194,1.9555555555555553,97,39,45,35907,120.9,296.9,0.8354916868577158,17.968710064293088,12.532375302865736,54.02846241679895,27.014231208399476,1,36.90817,31.80945,42.31698,33.2011,28.30245,38.49242,16.62141,12.84154,21.24271,22.99,18.74556,27.86589,961.073322
370,WELLINGTON,86,2581732944.726116,89,313,1.741573033707865,169,31,89,46124,10817.4,4.3,18.64539068597693,55973.74348985596,19.295811291301707,67.86054982221836,36.64036076662909,1,34.76967,29.38821,40.57038,33.98697,28.66662,39.74459,20.79966,16.33563,26.10297,21.70235,17.31407,26.8418,942.6792544
371,WEST WIMMERA,114,1432314441.6021562,28,81,1.75,49,16,28,3933,9108.7,0.4,289.8550724637681,364178.6019837671,71.19247393846936,205.94965675057207,124.5868293923214,1,37.55988,31.82069,43.67116,30.40285,25.01688,36.3857,20.98537,16.16378,26.78568,23.76601,18.99933,29.29606,971.1690792
372,WHITEHORSE,6,924800.942609947,78,320,1.923076923076923,153,27,78,178639,64.3,2779.1,0.33587290569248596,5.176926329692547,4.3663477740023175,17.913221636932587,8.564759095158392,1,30.41151,25.7935,35.46121,17.81008,13.77902,22.70982,15.76849,12.29781,19.99534,18.52406,14.48169,23.38624,1067.255885
373,WHITTLESEA,8,51070445.32357893,66,218,2.090909090909091,139,34,66,245029,489.7,500.4,0.3264919662570553,208.426126391484,2.693558721620706,8.896906080504756,5.672797913716336,1,32.87417,27.94478,38.21196,23.12325,18.98352,27.85535,23.1942,18.86998,28.16534,24.34639,20.07144,29.19922,980.8227931
374,WODONGA,11,33353510.53865101,33,155,1.7878787878787876,63,33,33,44276,433,102.3,2.484415936398952,753.3090283370451,7.453247809196856,35.00767910380342,14.228927635739453,1,33.86846,29.079,39.01282,31.83004,27.25457,36.78522,27.17279,22.65459,32.21675,27.43943,23.04003,32.32603,947.0115984
375,WYNDHAM,7,14264657.615275497,66,250,2.121212121212121,145,34,66,324087,542.1,597.8,0.21599138502932855,44.01490221846447,2.0364902017050976,7.713978036761734,4.474107261321806,1,31.27521,26.50238,36.48093,29.61286,24.8282,34.8916,21.43474,17.21134,26.36448,23.49015,19.15418,28.46212,1004.37918
376,YARRA,2,1260290.7798376046,104,124,1.326923076923077,138,23,104,97448,19.5,4986.6,0.2052376652163205,12.93295685737629,10.672358591248669,12.724735243411873,14.161398899926114,1,45.33429,40.16576,50.60541,11.83493,8.78573,15.75955,15.79424,12.38362,19.93053,16.65669,13.06564,20.99637,1107.861254
377,YARRA RANGES,77,831261313.5658324,96,443,2.03125,200,24,96,158694,2468.2,64.3,4.852105309589525,5238.139523648231,6.049378048319407,27.915359118807263,12.602870933998766,1,36.00216,30.57761,41.80949,22.27578,17.71831,27.61213,27.17568,21.85592,33.23951,20.9498,16.53151,26.17859,1014.133403
378,YARRIAMBIACK,66,513392846.1835744,40,148,2,82,17,40,6389,7325.8,0.9,103.30255125997807,80355.74365058294,62.60760682422915,231.64814524964785,128.34559398966974,1,33.98271,28.50079,39.93018,34.04812,28.66864,39.87277,21.87287,16.83644,27.91027,24.44861,19.47319,30.21821,923.0242366
