LGA_NAME_ORIGINAL,LGA_NAME,activity_percent,lower_ci,upper_ci
Alpine (S),ALPINE,36.53945,30.75284,42.74281
Ararat (RC),ARARAT,35.36348,29.49026,41.71439
Ballarat (C),BALLARAT,34.17921,29.41861,39.28144
Banyule (C),BANYULE,37.17519,32.15475,42.48858
Bass Coast (S),BASS COAST,40.57436,34.14735,47.3414
Baw Baw (S),BAW BAW,32.67322,27.89567,37.83959
Bayside (C),BAYSIDE,37.43182,32.13597,43.04682
Benalla (RC),BENALLA,35.79407,30.34432,41.63752
Boroondara (C),BOROONDARA,39.28034,34.1666,44.64047
Brimbank (C),BRIMBANK,37.18769,31.68845,43.03998
Buloke (S),BULOKE,33.04685,27.65671,38.9223
Campaspe (S),CAMPASPE,31.08881,26.18167,36.46138
Cardinia (S),CARDINIA,33.61095,28.87525,38.70072
Casey (C),CASEY,32.21204,27.4004,37.43297
Central Goldfields (S),CENTRAL GOLDFIELDS,32.67159,26.76534,39.183839999999996
Colac-Otway (S),COLAC OTWAY,35.78637,30.51577,41.42459
Corangamite (S),CORANGAMITE,31.69298,26.39712,37.50985
Darebin (C),DAREBIN,36.16059,31.05079,41.60388
East Gippsland (S),EAST GIPPSLAND,37.2794,31.02996,43.98481
Frankston (C),FRANKSTON,33.77975,28.84893,39.09032
Gannawarra (S),GANNAWARRA,29.39718,23.76077,35.74376
Glen Eira (C),GLEN EIRA,36.46712,31.55389,41.67953
Glenelg (S),GLENELG,36.17078,30.52398,42.227290000000004
Golden Plains (S),GOLDEN PLAINS,34.91664,30.00742,40.16809
Greater Bendigo (C),GREATER BENDIGO,34.55428,29.81675,39.61962
Greater Dandenong (C),GREATER DANDENONG,37.49981,31.90761,43.44675
Greater Geelong (C),GREATER GEELONG,37.64958,32.5694,43.01667
Greater Shepparton (C),GREATER SHEPPARTON,29.63777,24.79739,34.98346
Hepburn (S),HEPBURN,29.28783,23.86793,35.36674
Hindmarsh (S),HINDMARSH,25.86751,20.85098,31.60896
Hobsons Bay (C),HOBSONS BAY,40.2386,34.97076,45.7418
Horsham (RC),HORSHAM,31.64604,26.84791,36.86949
Hume (C),HUME,28.90922,24.11806,34.22291
Indigo (S),INDIGO,36.53533,30.40729,43.13294
Kingston (C),KINGSTON,34.05486,29.02549,39.47104
Knox (C),KNOX,34.87249,29.72022,40.40446
Latrobe (C),LATROBE,35.4254,30.31971,40.88637
Loddon (S),LODDON,34.21623,28.23365,40.74675
Macedon Ranges (S),MACEDON RANGES,41.11186,35.46964,46.99792
Manningham (C),MANNINGHAM,32.26159,27.50717,37.41366
Mansfield (S),MANSFIELD,33.31892,27.7031,39.45193
Maribyrnong (C),MARIBYRNONG,35.60956,29.8965,41.76395
Maroondah (C),MAROONDAH,29.20721,24.47889,34.43245
Melbourne (C),MELBOURNE,41.93163,35.83606,48.28381
Melton (C),MELTON,31.90563,27.35713,36.82698
Merri-bek (C),MERRI-BEK,35.31917,29.97025,41.06297
Mildura (RC),MILDURA,31.2381,26.33743,36.5976
Mitchell (S),MITCHELL,33.74781,28.59485,39.31806
Moira (S),MOIRA,31.07671,26.09773,36.53598
Monash (C),MONASH,29.75836,25.07501,34.9089
Moonee Valley (C),MOONEE VALLEY,37.00474,31.83694,42.4885
Moorabool (S),MOORABOOL,31.97349,26.94779,37.45591
Mornington Peninsula(S),MORNINGTON PENINSULA,36.97391,30.93961,43.44474
Mount Alexander (S),MOUNT ALEXANDER,37.9219,31.79621,44.45845
Moyne (S),MOYNE,36.7699,31.27307,42.63357
Murrindindi (S),MURRINDINDI,38.81963,32.49138,45.54881
Nillumbik (S),NILLUMBIK,32.57858,27.58155,38.00581
Northern Grampians (S),NORTHERN GRAMPIANS,32.74988,27.22776,38.79491
Port Phillip (C),PORT PHILLIP,39.81052,34.88184,44.95483
Pyrenees (S),PYRENEES,35.78185,30.03441,41.96938
Queenscliffe (B),QUEENSCLIFFE,51.12402,39.14292,62.97735
South Gippsland (S),SOUTH GIPPSLAND,35.50799,29.42767,42.09526
Southern Grampians (S),SOUTHERN GRAMPIANS,33.92358,28.5761,39.7153
Stonnington (C),STONNINGTON,38.58914,33.53262,43.90449
Strathbogie (S),STRATHBOGIE,41.98707,35.24064,49.04687
Surf Coast (S),SURF COAST,46.15833,40.76123,51.64701
Swan Hill (RC),SWAN HILL,32.18448,27.03599,37.80541
Towong (S),TOWONG,31.68148,25.83275,38.17286
Wangaratta (RC),WANGARATTA,33.13416,27.77107,38.9741
Warrnambool (C),WARRNAMBOOL,36.90817,31.80945,42.31698
Wellington (S),WELLINGTON,34.76967,29.38821,40.57038
West Wimmera (S),WEST WIMMERA,37.55988,31.82069,43.67116
Whitehorse (C),WHITEHORSE,30.41151,25.7935,35.46121
Whittlesea (C),WHITTLESEA,32.87417,27.94478,38.21196
Wodonga (RC),WODONGA,33.86846,29.079,39.01282
Wyndham (C),WYNDHAM,31.27521,26.50238,36.48093
Yarra (C),YARRA,45.33429,40.16576,50.60541
Yarra Ranges (S),YARRA RANGES,36.00216,30.57761,41.80949
Yarriambiack (S),YARRIAMBIACK,33.98271,28.50079,39.93018
