LGA_CODE,LGA_NAME,SEIFA_IRSAD
20110,ALPINE,988.9270847
20260,ARARAT,931.8990008
20570,BALLARAT,964.8076543
20660,BANYULE,1064.256909
20740,BASS COAST,957.4960869
20830,BAW BAW,971.1326956
20910,BAYSIDE,1127.126354
21010,BENALLA,938.3979906
21110,BOROONDARA,1130.726944
21180,BRIMBANK,928.4203582
21270,BULOKE,946.0568513
21370,CAMPASPE,931.7649788
21450,CARDINIA,992.8915294
21610,CASEY,986.3415394
21670,CENTRAL GOLDFIELDS,867.2320061
21750,COLAC OTWAY,938.0508911
21830,CORANGAMITE,954.628077
21890,DAREBIN,1044.196002
22110,EAST GIPPSLAND,930.853683
22170,FRANKSTON,982.1058149
22250,GANNAWARRA,919.3824473
22310,GLEN EIRA,1102.847404
22410,GLENELG,919.422361
22490,GOLDEN PLAINS,996.946464
22620,GREATER BENDIGO,959.0622591
22670,GREATER DANDENONG,917.860836
22750,GREATER GEELONG,989.5729385
22830,GREATER SHEPPARTON,931.1302985
22910,HEPBURN,983.9111418
22980,HINDMARSH,922.8301517
23110,HOBSONS BAY,1034.269139
23190,HORSHAM,959.111719
23270,HUME,948.5714471
23350,INDIGO,996.2871485
23430,KINGSTON,1048.233929
23670,KNOX,1028.669427
23810,LATROBE,907.0987768
23940,LODDON,924.8063462
24130,MACEDON RANGES,1047.396791
24210,MANNINGHAM,1075.160902
24250,MANSFIELD,988.5583631
24330,MARIBYRNONG,1044.594148
24410,MAROONDAH,1034.655377
24600,MELBOURNE,1085.522115
24650,MELTON,973.9039808
24780,MILDURA,922.2651057
24850,MITCHELL,968.230862
24900,MOIRA,926.7433001
24970,MONASH,1066.962401
25060,MOONEE VALLEY,1059.755144
25150,MOORABOOL,987.1572238
25250,MERRI-BEK,1049.419536
25340,MORNINGTON PENINSULA,1016.208911
25430,MOUNT ALEXANDER,986.7803982
25490,MOYNE,998.4238392
25620,MURRINDINDI,970.812613
25710,NILLUMBIK,1088.097268
25810,NORTHERN GRAMPIANS,920.6550335
25900,PORT PHILLIP,1105.734658
25990,PYRENEES,929.2570974
26080,QUEENSCLIFFE,1067.199476
26170,SOUTH GIPPSLAND,965.9906565
26260,SOUTHERN GRAMPIANS,961.5382901
26350,STONNINGTON,1129.989129
26430,STRATHBOGIE,954.1825635
26490,SURF COAST,1075.791801
26610,SWAN HILL,927.0698076
26670,TOWONG,968.3370011
26700,WANGARATTA,956.582454
26730,WARRNAMBOOL,961.073322
26810,WELLINGTON,942.6792544
26890,WEST WIMMERA,971.1690792
26980,WHITEHORSE,1067.255885
27070,WHITTLESEA,980.8227931
27170,WODONGA,947.0115984
27260,WYNDHAM,1004.37918
27350,YARRA,1107.861254
27450,YARRA RANGES,1014.133403
27630,YARRIAMBIACK,923.0242366
